age,monthly_income,browsing_time,previous_purchases,discount_sensitivity,location_score,engagement_score,converted
56,11406.031379234839,25.080266308608802,6,0.25668059165026347,6,63.09399301363187,0
46,44216.92640048133,16.033711442117724,4,0.713900933396598,6,86.392892220246,0
32,69956.57844903624,44.3854248451229,7,0.4800185098446209,3,57.205025704302145,0
25,79989.75809374706,32.09818128710042,4,0.4023935648144301,3,45.78610063688339,0
38,60771.47822377525,51.73738373468239,4,0.1514576224004145,3,47.581471179810954,0
56,73513.91631318451,39.403216205408796,5,0.4418490344777326,3,60.613135264012534,0
36,32333.2168776147,35.51319724761042,7,0.7706919707602339,7,46.12567005027322,0
40,39796.07619209138,25.64795671383033,2,0.264012846071893,2,63.03012907008765,0
28,24808.110769973144,19.046544361430833,7,0.005398542183677413,2,47.38788924304634,0
28,40924.05386012145,27.822690155115527,4,0.6685049011509828,3,75.71275199936505,0
41,61428.784796534994,18.757074057941693,9,0.9726266044325526,7,75.29894204033282,0
53,53189.83643574529,36.50190380730754,3,0.6068265635885829,3,45.04745498088588,0
57,63017.735549947734,46.3265249769713,4,0.11992185892713014,7,48.78464244891801,0
41,35952.28973754895,27.390877338828698,1,0.32073309234467307,9,49.6644670718249,0
20,36867.124597822,39.44490972391197,0,0.8676416147202234,4,49.865505113543904,0
39,53069.15314287369,23.107709297831434,0,0.23256807425682857,7,35.788564324089855,0
19,40960.28292042027,26.97533161792649,3,0.607695903497608,9,33.69108973588472,0
41,69527.73752240142,21.850360154345573,1,0.4026712082539978,8,68.74636357321934,0
47,40588.716734337846,8.668669649294895,4,0.20784372141964902,8,66.34680521306251,0
55,42569.1613560313,29.634666500813893,3,0.8134068935646797,9,66.08781071265906,0
19,56282.591208027305,31.284517375977526,4,0.7428312764656902,5,48.95932449589506,0
38,44160.677124087604,40.65860998761637,4,0.6615910659592654,5,78.38017654984543,0
50,31475.8340969388,37.954382526692875,7,0.2363365902687512,3,49.66296534988149,0
29,33509.66262751867,38.08952899038995,3,0.09785700271645004,5,62.94314260849611,0
39,58066.489376104335,20.25963776882123,2,0.5761593298259662,8,29.17066978197524,0
42,29619.327281569094,34.59497306070692,4,0.5536778335394333,5,46.553970027532245,0
44,70957.46641323216,45.825939654815926,0,0.188385009334873,4,47.66268416639275,0
59,39644.010735473756,33.79867850709081,3,0.056246694315172485,8,49.017686929675776,0
45,59243.237254520915,48.28593613064997,1,0.08070845419398598,7,30.11751548006471,0
33,40543.810639555486,50.18966111119863,2,0.9927709865127338,6,60.55821391736386,0
32,36271.37930005453,27.315317297083546,8,0.7835838947428837,5,65.42915466955067,0
20,53691.55523435273,23.030602549194285,2,0.9219874759651726,5,38.842109163156266,0
54,65776.7520052385,22.3853783458105,1,0.19505472223636333,2,32.78987725518006,0
24,46289.48373709843,14.8386417989678,3,0.9605685363234351,4,38.46587562659116,0
38,49017.839693638096,24.81597100584478,6,0.14265435147316208,8,57.432480037102714,0
26,62111.26041624202,42.076654497562465,2,0.5090818285664711,8,41.050949676374685,0
56,62607.90875377334,7.9596242474876,5,0.829695684417064,1,47.98902125545436,0
35,49422.62419970388,19.625465992862537,1,0.3498033545115794,2,33.898088829459574,0
21,43347.801612720665,28.728685583480022,4,0.4248285331769005,5,79.68929608252195,0
42,51239.83939167547,21.228147993782997,3,0.12818511029909785,9,51.097979422441746,0
31,47136.327629174855,24.727140557597796,1,0.12292187999897275,7,67.24572993839945,0
26,54694.612277252774,24.876703255776963,2,0.6195682247786596,5,57.39754751358255,0
43,32085.94359731371,27.42459779938251,3,0.6755323686200567,1,49.37179917552396,0
19,54157.7236903812,22.70545303890261,0,0.7773325140821933,6,48.595065126660835,0
37,39225.44875743877,21.88786786144452,1,0.5566820526817535,8,39.12134485043322,0
45,63588.314172357546,39.343097459212316,2,0.6457592922613059,7,43.24305273674412,0
24,39912.98225944227,40.49654177860345,3,0.013517271699720057,2,34.88296502602243,0
25,40173.35349213602,16.194566547525906,4,0.16217072713718805,5,33.247010421005825,0
52,56680.982366176104,2.4040260072711597,2,0.9849147660169046,4,81.29563126327028,0
31,50213.178332242955,40.63374849570931,4,0.0759935063158318,9,54.183685476229144,0
34,84149.77439598256,17.711995814478627,3,0.6787882222602449,1,71.98575862556089,0
53,25560.460841686214,32.1274483845974,4,0.17608263303171623,6,38.08906614445967,0
57,51647.794204321166,14.343281269717828,3,0.7167185857676419,3,31.225946113028836,0
21,66944.74227458556,42.977549852596724,4,0.7059904029619934,9,35.333326835617235,0
19,41325.29115609049,55.436678953015274,0,0.2341990597880902,5,43.66892172365456,0
23,36341.6323289018,31.828069092053365,4,0.2696343992192042,6,50.5474989773924,0
59,36937.030285305074,29.058973515404833,5,0.6547707136020883,9,47.735950747340105,0
21,25820.582305248732,26.778604248099363,2,0.39008603878021364,9,38.40213547270057,0
46,70245.56940966043,37.81799311312912,7,0.19454796969991128,8,51.31572513976646,0
35,45055.739872903876,35.676867509345854,6,0.7316795987874818,9,52.6307918680992,0
43,43279.59290299654,40.03498453552865,2,0.15414752433633416,4,60.534146413273675,0
51,18138.528885047395,23.720834774019174,6,0.8556436641449466,6,72.05648454518807,0
27,28494.371413071727,33.40117706404645,5,0.5146695240518275,5,44.54159315736615,0
53,71980.8463327864,24.57531933293804,4,0.10570060387930069,5,68.23220890451948,1
31,54546.58499150868,19.422843519299455,3,0.6940723335309844,4,50.989063901419804,0
48,67497.51244887659,29.589845789965363,3,0.5191630395745405,2,27.09021518873328,0
32,65599.88659744745,20.774872696229178,2,0.2980575717948095,6,76.74906215593755,0
25,34990.695791405895,41.73726997742588,2,0.42253938022385484,9,84.08804662849536,0
31,86447.71592980954,21.38079621984177,7,0.29833774358749876,1,59.286447170773265,1
40,79245.98893401845,33.6354594068736,7,0.26302583574278404,7,51.34677446628697,0
57,41543.503368154474,23.965777012402775,4,0.1636084208437122,6,45.92892409753255,0
38,-3523.0794903982314,32.77062750437512,3,0.3627671331374759,3,43.040780457733874,0
33,44652.01865083885,24.760034265446436,3,0.25098720631607074,1,68.16051879721275,0
35,53574.44393182173,17.427887251424625,6,0.6834344870539171,4,49.74090142927741,0
41,41484.214478364636,34.83772740951845,5,0.6838767411633063,9,75.10909695867153,0
43,46677.16854972924,27.645843780867782,2,0.5018402425556384,2,50.522936229937486,0
42,37570.12945493308,32.859849407224594,3,0.7779445274703211,3,43.81479959864889,0
58,63824.52077530771,25.711570643695623,6,0.8413397190060482,2,40.980493032324006,0
46,50954.49860552833,16.720634862315478,1,0.5797664574342731,2,38.84425872058253,0
32,64272.71094414431,40.831785970562564,2,0.6189351627634337,8,57.71218739609069,0
18,68333.05019311905,37.367577554410886,1,0.2828859097863652,3,30.582599677129828,0
42,17385.146538700297,24.330390244467562,3,0.8948692007055198,7,37.7249377499562,0
24,38442.166837488454,30.697792134987978,4,0.024206044422529827,8,69.86723938761605,0
26,40639.56059539184,40.420194831629374,5,0.3486024694428457,3,35.68176033763283,0
41,88570.58539533174,25.42961664137603,3,0.721800421549856,2,62.94057382985025,0
18,52235.08050350486,26.98115494809448,2,0.08008950967116124,8,19.05482282748777,0
25,62188.40894544596,32.43632500007374,5,0.18316952742829262,3,71.75130563263627,0
41,21789.62346088233,25.40908936445414,1,0.5892857278628512,7,30.946522414586802,0
28,52148.23178746282,38.570919969870225,3,0.5599936714635579,1,36.854093847878616,0
34,64674.394731743865,28.31099219692562,2,0.738928296130955,6,60.20513866979488,0
25,62929.47627590234,22.15964125006026,2,0.8126126390881718,9,54.05612201312073,0
52,59350.99158374527,36.08638829873995,1,0.12857957851166912,3,63.42481154142211,0
52,50195.007597426884,18.57869350568653,1,0.01838098977524205,7,30.826060561136373,0
50,50923.52930938177,50.14878561124213,6,0.6896385196589061,6,45.69791885999692,0
22,24601.00737935316,45.82496363580202,3,0.3013917957663592,8,40.743826861843445,0
59,36492.00672219285,35.134954769210154,1,0.6259839139179536,3,33.34716802771365,0
56,53464.15934582245,34.29331021819902,6,0.1505445880622247,3,58.93846187780549,0
58,39260.36289610692,33.82441417819298,3,0.4690400466659629,4,64.14577169910193,0
45,60332.57370549177,25.10905214081093,4,0.5044247460634369,3,44.947006924392,0
24,57001.73825397294,32.97309645680842,0,0.5850778163732161,9,72.84066948944255,0
26,70510.5538208299,20.768673895421514,1,0.5131700163305644,4,38.21449668682486,0
25,64373.80739228857,35.038184184401814,3,0.4956907702287139,6,72.47700986205561,0
29,53408.92113701852,38.67846943031296,4,0.33273415398385553,8,58.433585896373984,0
51,61219.706510928736,26.219138990166655,2,0.07118023631808623,8,31.64649221787484,0
50,65076.53243449484,24.048982058452808,1,0.08952019679684231,5,79.72286400624003,0
40,42388.440711380266,17.8752297535209,2,0.43377827440715366,5,43.33283700213459,0
41,45060.03502520297,44.57955233565691,7,0.35579312782099304,6,68.07676609421677,0
54,48547.60943909884,24.843359661577885,3,0.5161348046744978,7,52.18473682894449,0
52,42867.04183753476,28.01260963983377,1,0.30483816925626694,7,55.61661836677747,0
57,65235.30417595226,33.001555849957256,2,0.6879100914553243,4,63.518101707384616,0
39,40590.34187484044,32.822076428899344,1,0.8639548220095106,6,62.687767767035055,0
44,68774.77207099737,37.4656009568107,4,0.2988631887868677,7,44.86780155314809,0
52,44495.40201679426,26.206700801616712,3,0.1929840079390286,5,57.974983939078925,0
18,57085.94964259037,18.613320615290867,3,0.11618057425408912,5,56.84899773047753,0
52,52496.22723144333,16.86334691027684,3,0.6162540405708125,2,53.20341799533868,0
54,35360.302875625,24.207447671571536,3,0.4438559911405694,7,46.950251992554065,0
31,49701.654057638145,20.48149525325376,4,0.18801571719628896,6,53.17347249791372,0
20,55004.65297175896,26.963832946922416,0,0.6531367332918554,1,79.5131111929379,0
18,49035.60969334253,43.07578810759983,2,0.1484831830052844,4,45.57458971828764,0
22,29859.401622405738,26.22721794116311,3,0.5543007058479525,3,68.09881129706314,0
43,75521.43865289257,26.223491386654434,5,0.5271483816252647,3,40.70545364125304,0
31,51315.49224292604,29.836012237442116,3,0.7342278011860833,7,36.78028006515885,0
56,38085.46137254717,25.943750087879337,5,0.055109639940666755,4,99.145990176695,1
44,74311.52035200912,29.32608764281806,5,0.8878729318513303,8,58.10036295483865,0
26,59260.84714580488,35.408692224813464,3,0.7029917261468195,9,58.5127019193442,0
32,31997.450053975863,38.847510547633135,2,0.21612599834876223,3,58.92841657751303,0
32,34332.57880400182,40.03213199739024,2,0.18340534860973967,5,71.10949559801882,0
43,46664.07920168237,50.568522207310195,2,0.4316602141437834,4,56.11715021926631,0
59,54459.60468274733,35.69359446172438,3,0.8175653295445969,6,62.243328088357885,0
30,59341.99747195883,52.34478901349309,1,0.8429499931391071,4,34.121475826152164,0
49,64252.67719292852,22.23518191940357,3,0.520456092139383,8,64.75885305866679,0
56,58093.58609600214,50.91284902424585,1,0.8608108626867375,3,46.44859162943688,0
49,70201.18967961494,26.196239457804097,0,0.005443709191690571,5,60.07613723287809,0
21,51901.897395207045,27.179810692369646,5,0.03517463153159661,1,24.273200679579563,0
47,38605.40929282667,28.801274525771266,2,0.9118215936367428,6,59.452693885476705,0
54,49949.7369551154,27.81379288841269,3,0.775331929885916,5,16.37155467837757,0
40,48965.29009481312,30.85840396726503,3,0.4507060582503857,8,45.86126794345735,0
56,11326.76855506262,24.199719975115606,6,0.7536101314779872,9,24.41672613650592,0
32,41579.49711356512,38.299621730713724,4,0.9556394617234216,8,59.495550893757894,0
46,54713.05599425676,24.471649653788205,5,0.772089523881285,8,51.039048217638125,0
53,43636.76652182321,36.55610398252892,3,0.842371333818322,3,38.438188954395855,0
30,40306.85957265501,45.27723619523765,2,0.7606065813900618,4,71.51612067552242,0
49,63670.64293706846,26.428976301922603,3,0.1682110924335416,4,36.55000258499928,0
24,36251.81262836841,37.94383417979177,5,0.8335741096457367,5,4.532092512648667,0
39,60674.33975706234,35.591592889031844,1,0.19510882002421004,9,57.70452550797728,0
45,30008.83293817573,52.528868822197495,2,0.892611328044147,9,23.501019208790762,0
19,91411.42903589277,24.9516943515505,4,0.4586498980810759,1,37.024855354837364,0
59,46764.71709648114,37.95071616805784,2,0.6769767523110285,8,42.239801405910825,0
23,45151.02066055916,13.73988908223447,3,0.4972408478806435,1,28.64009225455982,0
45,67145.98854334878,25.04141589263187,5,0.09399092941660203,2,42.59408620912669,0
45,43719.42738790327,33.53392837596908,3,0.2907223076206651,7,28.920771691176657,0
37,71823.91712488499,43.93159969089781,1,0.983731853997006,8,52.435747776995704,0
47,55573.9074572979,17.740666350157973,3,0.9607147516698173,1,31.568821163717168,0
28,48224.03149180656,37.86090640741111,1,0.3204868976555473,3,50.45219598173022,0
45,46624.91144944437,29.367765435170412,2,0.9962968042452258,7,67.43011556406816,0
42,68113.88255645393,14.784723466076874,2,0.8455511954968996,9,61.73559155438245,0
56,53457.308219052546,31.815868459487902,1,0.6109594994322547,8,48.77433961787633,0
50,56484.63096786155,47.091612329782116,1,0.04012462026100949,8,35.16894022370273,0
18,58115.02808905443,18.79577340088383,2,0.9014468295383795,9,52.387656738838714,0
44,51994.042778340365,28.900622846298166,7,0.5574292792643197,3,39.564213132993714,0
30,57798.08339524975,20.133610153604337,3,0.8684761512027696,8,53.016851880522886,0
58,48225.14865978514,25.314170680899842,3,0.8344291199057423,1,24.27072173820501,0
20,49252.87052260136,44.32170143524633,3,0.8330062152010861,8,62.10891584503463,0
56,33213.27607959937,27.284755245086174,4,0.6981738607149051,7,50.49824844519721,0
23,54466.40376377596,44.01565737515327,1,0.2914151386760486,8,83.1277502001376,0
25,24206.884899316694,41.09054047931586,4,0.33616025774451985,1,69.59092192764089,0
44,54253.37105916369,26.37262086515552,2,0.30846921258268634,6,58.49280404631585,0
26,45790.75975752778,24.974005393937674,2,0.020045999532564696,7,48.14010539438647,0
54,55618.77664176467,21.04001193185498,0,0.5825689092148112,5,39.055934544475015,0
50,34267.57498877486,20.691188058065958,1,0.6988336704460328,5,64.13613942551203,0
59,18209.639479420366,33.53207394507843,2,0.8538659935252035,7,46.557953130204325,0
41,44737.02039539691,29.802146847850345,2,0.14016543338273035,3,67.5254694942245,0
32,34311.30996714353,23.76394565070793,5,0.5441831489768018,6,56.01234745602928,0
49,23291.649751842764,14.512370778767211,4,0.00800814067378286,7,56.11995690874645,0
49,61519.749045418546,31.061787678222117,2,0.09509364771072948,1,58.91789190451942,0
41,74018.5734071306,25.30447820938667,2,0.05421174420599306,2,36.20559592343665,0
58,38045.72846338175,28.04702304417906,3,0.7254780340154869,4,34.66795634189566,0
29,48863.437591678194,33.04661828698082,5,0.08105956387760316,8,34.14935827455163,0
56,45383.21574980282,4.981971386121366,1,0.71645298155879,6,65.71245372313986,0
19,40116.52367035695,14.667253962908752,2,0.24962470441058338,1,35.81417618722291,0
20,59956.05820832032,52.96443076805188,3,0.8777129606969395,5,37.68260437706995,0
54,65152.121906429275,24.933894933003824,0,0.8131499883638141,7,58.06275690459714,0
34,36970.89216101594,4.8256689760247085,2,0.9578302174752765,6,46.21926313047716,0
19,50671.503006423554,15.500598204837475,5,0.8837620154580319,9,44.30308636862066,0
19,69267.99550900841,54.84467368641433,2,0.9333294191163473,8,43.0016754675962,0
45,60335.54304822459,22.9700253973016,3,0.8587423965133077,4,15.115524832379784,0
40,62565.46157600733,41.590152448971565,2,0.6933819006148554,5,35.496777110539725,0
54,70519.77961163622,31.211179983372052,0,0.17025915212543596,7,67.72344705323137,0
49,70322.67758559875,25.15032962501029,7,0.27170751885409294,8,41.90902847699041,0
50,65429.639454545984,37.75445470763093,5,0.2127269661302731,5,21.4926544097339,0
18,52174.06122171771,6.156433246437118,0,0.6035857876582056,9,34.880086416972645,0
36,44262.75473812862,15.588673801433972,3,0.5036199379736014,4,55.39780947132494,0
19,51552.16647969778,25.07648987860439,8,0.8670799971584237,4,55.10051913808607,0
43,41983.89970964947,16.570956017303917,4,0.9526728664990757,8,45.585790811579756,0
49,20712.696904839766,24.192222114960284,3,0.40485988961814434,1,39.661939293724494,0
23,45807.514012999396,38.53713045682828,2,0.5063505532808124,8,28.967060213659348,0
49,55362.89365755831,31.32136721335981,4,0.9715163568041392,5,55.52277554618012,0
21,41190.958733507316,43.306170355095894,5,0.27623894162314355,1,62.56805626501684,0
28,47108.303191420884,31.953752843517442,3,0.7923907753588136,4,69.33320003077768,0
34,47689.449260499016,39.92460831494527,0,0.22523990233524627,2,33.341189619649356,0
55,70352.85161328333,29.359296998715024,2,0.681460115425272,4,70.48284470609282,0
41,44608.440889626465,24.097245166402175,4,0.25361562763856416,8,49.15081869103315,0
22,70349.50073275181,44.80568055541888,5,0.8837333888313869,5,50.3985794510646,0
51,9312.642622280393,22.906497120639333,2,0.5614779437366768,1,63.40388060947192,0
23,70217.83671993554,33.438448231242994,3,0.18593364087438458,7,41.88569144780401,0
39,69461.09172293937,37.68897363224473,1,0.22436917569848602,1,17.542954979764573,0
28,63533.820100837875,38.41492704470856,4,0.49384919570810026,9,60.572923222936424,0
33,19821.229951943427,18.345573297799803,5,0.9616020255748788,3,55.2285611644261,0
50,65283.30492833722,40.519504058282656,2,0.7696421638836545,3,44.59584729684536,0
26,49248.212364871244,20.210447538927298,4,0.4883096428258451,6,59.33797015905791,0
23,12059.938401130094,38.10703655349994,5,0.3377191445622171,6,62.40415190697794,0
33,69472.66561752044,35.35173471049099,2,0.5492684933484426,6,27.319905319076355,0
46,71662.59617823453,38.186306617798984,2,0.7483608334286197,1,50.337694615965916,0
20,21432.31892202243,17.949964789009726,6,0.7839285884528,5,15.836560897263738,0
37,52631.3161295017,35.879297427343914,0,0.32460879809694465,6,48.144602157323256,0
53,70828.86682166274,40.85593676408172,3,0.7211592682138772,8,44.40886633956966,0
36,68452.4197018572,31.933957831617406,3,0.6577887800361861,1,57.378635261408604,0
43,62540.91576739286,21.813833203954232,4,0.9591122919962939,5,33.9041715556411,0
20,10291.206801537373,39.1974761432799,10,0.9310902905080148,3,43.67770196222722,0
36,60943.14149953721,31.1391962810077,5,0.789379325603577,2,1.7591420111429557,0
37,46728.44152439086,13.255557361723042,4,0.7233946888549284,8,58.36255731550756,0
49,64937.86293077742,21.038105376833396,3,0.27404158970427583,7,48.67400124808889,0
24,53842.42187650737,24.737054687730264,1,0.8459652560985333,7,51.308621567309146,0
58,49701.77584566703,45.058182876396565,2,0.42750570371336616,5,27.598538959479107,0
50,59613.557741138546,43.30183086306214,4,0.2722405425060447,9,55.970932622795075,0
57,47421.29943392363,43.26968531056676,4,0.3841607579534625,5,74.79124555271339,0
56,49635.84080162087,32.32360277683866,2,0.8359354900165079,2,47.22630921685714,0
35,41671.64001306857,39.135947917791995,1,0.148633215577885,3,59.75133362122467,0
57,25918.865132231564,18.592205913141093,2,0.45615874111982246,4,36.94068465311173,0
18,58517.80210656907,30.068030983927713,2,0.4923575945294897,5,48.84715714929417,0
28,37909.54520494145,34.516327016495964,1,0.0366296975988194,3,27.02989079062749,0
45,46988.122009388986,19.251009426908798,3,0.19574602954816533,7,61.82182707040194,0
42,54304.609376809,32.0991208964187,1,0.8267424285758564,5,52.39760865748095,0
40,18721.735346518417,46.86639185804344,1,0.8307673885947606,5,31.71070421260906,0
48,22079.76644484765,35.58769784560627,4,0.292415083884248,6,37.972067347428776,0
47,45503.92135086196,39.175452066641206,4,0.8748972345979262,7,50.91629258897469,0
59,56818.452234494835,5.475930765677376,3,0.7717829390683478,8,63.85797523946262,0
52,61160.57405973742,45.57968849152924,2,0.41790748379540943,9,72.19290805277777,0
24,26130.282561861393,28.138776522478302,4,0.7484063444050378,4,47.988119314322645,0
33,59549.47226619223,22.313136859299576,4,0.9613346311948062,5,29.530269891959293,0
43,46323.95572525496,28.253621481900698,5,0.4589697180653488,5,53.576977104856915,0
19,36752.641323552845,15.149778417191023,4,0.23842717895348364,8,76.77323598548527,0
18,40271.72215910944,40.47942061752143,1,0.9418165000501558,9,25.65877392016228,0
29,62027.8599806025,26.64604277226207,2,0.6037442885632565,7,35.68106526066603,0
22,54110.08677628357,22.613691879739307,1,0.10526516248042528,5,59.164465163699646,0
54,50754.59784132981,28.31944934311635,1,0.5726828158566895,3,52.30398702881249,0
49,53652.4360821185,41.180156545761406,4,0.5005808894482987,1,41.824704076027984,0
26,63921.4666492429,31.314584007812208,2,0.8555888940755634,9,53.30170809952178,0
58,48543.50648895015,15.90306230466533,2,0.5306951897635214,5,64.66317802781472,0
52,50814.78329681355,34.64980829741082,3,0.25523243434428344,9,48.52495486711251,0
36,67072.56110206708,20.710200456773748,0,0.6756440638648885,4,47.20988458561855,0
33,45026.20063605262,8.438989686251833,2,0.5425754525355801,5,58.83536254888575,0
20,59272.108929210226,44.960072127171784,1,0.23304462826687244,4,45.94227677143706,0
37,42444.43278990288,34.57229874827689,1,0.5736278579429078,2,67.13785341317195,0
41,43761.98987882323,29.21729336196585,6,0.8215355778896861,1,80.40109517726528,0
50,48439.25364800545,26.543904853033013,1,0.028570917724010436,8,36.60587047805507,0
41,57729.09279480148,43.97079500733316,2,0.6308510386451117,4,31.249617008239266,0
28,67912.72943826603,60.87155150198406,5,0.34958519578439207,5,55.57578858035065,0
25,51448.178953081624,34.48780518566517,2,0.29267144575942416,6,30.717432154581466,0
53,27502.446330146835,19.70365317672124,0,0.39258775036111127,8,30.461337815696943,0
55,59471.69440300907,28.455344811320238,4,0.34202266424798167,8,19.261913445142373,0
57,86807.63261218564,34.30572672094049,5,0.8322391067084416,7,44.26621628642187,0
37,51630.032466010256,6.504716930081344,3,0.27479781076790055,4,49.50514545759125,0
52,24368.48541230631,33.34499201778118,6,0.7331530231065854,6,42.23955516286651,0
42,52544.79334206277,34.36425129493079,1,0.09405982022858872,4,70.85499775298257,0
52,49954.81095224241,43.263421979872206,1,0.9513963724844156,7,69.73830900569176,0
42,48693.367349564156,42.221233023730534,2,0.6223166372485518,1,78.93265946032635,0
46,64181.14849965699,31.11172160289536,2,0.7067185770445601,5,50.69792698900563,0
35,70674.12179503587,45.14636906580358,4,0.298039332094451,4,67.75728587766164,0
35,60253.78617801624,50.35678319038756,0,0.4120965687081146,7,54.6327897318073,0
19,48004.128729933975,30.2795145524446,1,0.22377838627097624,9,53.12573468779431,0
52,66885.18176554445,34.181870784677486,4,0.9325360858022239,5,42.98920887056808,0
33,27592.55538178639,12.327026468894239,1,0.4881044471013777,4,16.05279813867284,0
58,39259.158188990084,15.49026737558912,3,0.63044811565799,9,59.559371825209844,0
53,40930.58332097405,21.618036859904812,4,0.7342720305307154,5,67.31204354792035,0
50,49535.74028102098,25.563816954829466,6,0.37110609109953896,9,27.115731075526256,0
21,57601.01993730257,19.038769752619316,2,0.7201016545391412,8,49.85452006726088,0
50,46989.305774940745,29.64004588022758,2,0.6759924897563402,4,64.87470752621854,0
31,36409.46308246588,25.862908323253816,3,0.7056593338739465,7,44.60751835031873,0
38,64622.754270441954,40.70895231339615,4,0.4892299002046129,5,67.89655509998403,0
37,46468.149166929594,25.25226354516292,3,0.3829373822916171,4,47.89575449963947,0
25,51531.9338130655,7.1328205178450546,3,0.22208218820898984,5,42.12262203952609,0
24,58266.016182138614,31.257511725354203,3,0.8246263528008929,5,68.7543036941185,0
20,50583.1641188442,29.85801975588661,2,0.6083500465316787,9,35.99369395789854,0
34,50649.07542116435,21.379501185955064,5,0.444352196097495,9,39.126439522628104,0
50,65457.10130653744,30.94999883497037,2,0.9439959067106114,6,36.566811729240406,0
29,52270.54211855565,19.24735411773665,1,0.04783881250703881,4,32.861070957691055,0
39,62941.954786857335,33.298399536233426,3,0.8501719452050476,2,52.295508760615824,0
39,58170.01166477585,56.329244369298515,4,0.9975825929459724,3,42.305980973322455,0
47,80253.31316280374,11.943945270932335,2,0.8869421108828673,2,57.32919644624686,0
55,56141.20126803695,24.8375791299084,2,0.8104365856156253,5,23.98039496702713,0
55,59569.59905226159,23.234948785508642,2,0.37430599340632464,6,33.16177864243376,0
25,66524.85070994552,25.667401165124563,3,0.2313141822622935,5,50.77368634289555,0
44,50954.26639925255,40.199245795969745,1,0.7348505204996011,2,72.04520895805575,0
44,40432.20354905839,35.42826559319025,2,0.3045753662885684,5,55.67753223376281,0
51,42887.816283148146,38.487665026064235,0,0.17603968215497068,9,41.159141077243355,0
38,43032.39611746268,30.30495504753598,2,0.7865258871035913,4,27.657029699295542,0
47,35745.03547704923,16.77900680055142,2,0.3125436522367222,2,40.282309273908595,0
50,54767.07753802826,18.8531463874002,2,0.9144417294873384,3,49.36273816185769,0
45,40557.25177926374,37.46259707466592,4,0.8406326448191253,3,14.634621589353657,0
50,52922.79231802771,31.708318984132973,2,0.8476403295092552,9,31.799448946281277,0
22,47619.88334434046,42.60207406078838,3,0.7715697260558262,4,38.93666053029541,0
36,49375.677600612275,32.93262103246797,2,0.8808814237747367,1,46.13887089222558,0
21,58340.84971743284,18.169850066678748,5,0.8057468921781201,1,49.184952803769434,0
52,41871.51313417178,24.780981858168452,0,0.6025113635747287,7,40.83698332689298,0
34,59583.3656890516,35.6481414968293,4,0.29582271858186315,7,57.58809773304376,0
45,73509.61799958428,37.10332496238625,2,0.888209193214149,2,51.87060354545697,0
47,55146.63624427638,38.551086321546876,6,0.8406036227731919,9,44.4490507324223,0
46,38268.56472091297,19.514758867948068,2,0.47287932221054507,9,59.65663071406898,0
23,40774.72982990305,17.98969833923075,2,0.03907868600195519,5,58.429109247652,0
52,46276.056488223265,28.101974802525792,1,0.6385437274019135,3,28.19302173880591,0
58,41076.64554395651,44.400735165334545,1,0.05059685367658173,3,49.519586462620325,0
54,35132.29535584925,23.06131679191982,2,0.9262799618484072,3,63.35390797200801,0
41,52316.10915442538,34.54971890600973,1,0.961631256625307,6,65.86233918953268,0
46,46682.04002411302,34.55061138938965,5,0.18949014589960422,4,55.5636318595293,0
48,52845.81325337087,37.60772749670613,3,0.67638937805491,8,46.5006715738041,0
52,67795.81118322932,46.6444025394821,2,0.09226900456276277,5,56.31979691348654,0
50,46454.70749113461,45.61906424766106,3,0.7295169285731221,1,62.116601469376754,0
38,32218.699929795333,24.05394166160495,2,0.3472876661526746,9,51.73747923514347,0
49,44016.61261619673,9.02104558691326,2,0.6810501117304453,1,53.42906218367631,0
40,61556.37825674964,23.214706646352575,1,0.37287650920217785,6,46.25295268497021,0
50,60151.55406075432,30.756722940472354,7,0.14556750983323574,1,29.9482219837448,0
20,57779.59471420351,26.383547223143427,2,0.40610998050255787,3,47.38453819621767,0
35,40629.39915256845,49.67898942928135,4,0.11267352663479002,5,39.84329081179199,0
42,61278.53927049048,30.187803043164493,6,0.5768832749769458,7,39.89117933505438,0
59,64653.48617055599,36.537118802561935,3,0.040951532149479775,8,71.50751733740235,0
48,39568.67555165036,32.172143096473434,1,0.5273196795998597,9,64.2733606659575,0
20,49376.44853686213,26.53366816509178,2,0.8863686470955409,6,24.59751363747391,0
57,80306.02945523168,10.751883220373337,1,0.8378732701193627,9,33.7268183558549,0
41,38901.885853049185,29.21382361458515,0,0.8827816996264968,8,44.546569331711474,0
49,24423.69996134413,62.54647293154127,1,0.9220488021271073,9,40.390516547960566,0
39,70743.56651697197,17.555416001621662,4,0.10452788787569423,4,54.76127410255687,0
40,67049.0715755684,11.851269556257755,4,0.12874720287571306,9,31.346223832891976,0
19,43145.49014633863,49.3638930256891,6,0.5570068063131286,7,64.37797941947923,0
44,48305.1232719787,37.42082969869335,1,0.8939726684244292,5,49.33991682587261,0
59,31625.974247165715,31.874198805234364,5,0.9743494565240307,5,44.892319329332345,0
19,51334.284089145534,43.626738623670576,7,0.04626191733999996,1,49.78520835926341,0
43,67488.705730571,21.68498057043903,2,0.35577408420066015,2,43.737378897274525,0
34,41860.92737362583,28.93405239085348,2,0.21289425465999345,3,19.540361439108448,0
57,63156.52968179439,39.55154116900823,1,0.7559658489312481,8,50.17888971157215,0
50,56955.85786085648,51.103543678203955,3,0.640193868537032,6,45.188804170481625,0
26,58667.253363217096,18.314556853433917,4,0.11988803148384541,5,35.6831448102087,0
56,42735.362291204474,42.80734458560394,3,0.4835220673649715,1,66.46144747124872,0
46,44680.637255997586,33.81839060840984,2,0.6854405223712914,9,60.041570200898406,0
59,22298.413482928976,31.63061067429416,2,0.7790053939240377,3,86.58285059868876,0
43,41499.95881234841,29.92270777745262,2,0.020052709784008527,3,62.5224275178868,0
52,67452.28187046888,16.153533793053967,4,0.8904695739838898,2,40.34847399454585,0
42,36060.017088465895,39.63088998213033,6,0.5692813829505244,4,36.41315932097319,0
41,38295.47519214643,22.177309796736722,1,0.8119091149599047,2,42.585415980704674,0
30,59602.84735560686,19.203092974976528,5,0.8079380300142834,9,40.000570764820324,0
24,56041.5243798964,38.85458958900338,0,0.18985266027096914,7,51.63175045780949,0
53,60347.94874694451,37.89134025146679,4,0.1101721202536331,8,26.918039342615003,0
37,32551.69189864394,30.790000836110625,4,0.7212872689738267,3,59.70929846069047,0
18,88460.8692395052,40.79543620811641,5,0.15642691882161908,6,51.36794554057141,0
25,31763.699387491244,44.25936581479115,1,0.8499374914047237,6,57.986964616830434,0
33,52313.709706011025,43.082240778255404,5,0.7261894838621051,1,32.83780284458716,0
31,47620.167561971204,24.7172102659802,2,0.8418253643652626,6,53.70033155504085,0
29,32200.37723952429,40.14104931279712,2,0.2990126796093461,3,69.48764871304454,0
40,44446.858657801255,32.11640977508649,6,0.31659806041056904,3,37.09239123349676,0
32,50349.61401328805,47.259077703523744,1,0.6712215563463176,3,36.68216438784191,0
45,40250.40182204795,28.76271663732827,3,0.03144595505894754,8,60.67936200075898,0
51,64058.35432302274,26.435283626316696,5,0.7264967463374227,5,35.464234226936256,0
19,47575.613818062935,23.862031231571233,3,0.8357830708546012,4,46.50074025264096,0
49,29880.8799347257,31.892878942355555,0,0.415163586604104,9,72.13599018488517,0
40,28608.117009960544,34.667254675921036,4,0.7648788300884687,9,36.89496662116061,0
39,59092.476359171844,34.85962282927271,2,0.17461091698226194,1,73.16663148311397,0
42,27698.438259494957,33.491725403118565,1,0.3222603938194847,2,44.963273870688035,0
39,54746.39109573625,36.71037012679806,6,0.9743049631104774,8,33.181980097417245,0
39,56669.82778500439,27.77458164085602,5,0.9863281735601263,5,59.055562326839414,0
59,35069.669541139745,21.274846844081285,4,0.512605053021588,7,51.61622201939101,0
23,63361.071256623356,20.401720030863522,1,0.9342697914638769,1,50.197703913300344,0
32,24233.095643575518,39.750510953034684,2,0.5227306780568546,5,38.46922609222452,0
54,54446.88400997838,34.7032231052829,2,0.2915881281611573,3,51.50679425678172,0
50,49387.130996059874,11.44162229049676,2,0.26689928809877184,2,18.985541688674747,0
25,48215.0303640366,40.967534267999405,2,0.9295057053681488,2,53.28147105177156,0
22,32331.550355291412,48.80435146402655,0,0.1724463889738591,9,69.4587380027908,0
56,35944.66993400111,22.840831492414672,8,0.5796324582018182,4,23.5185695371144,0
21,74282.03037530897,33.36160046276041,4,0.5555250680627196,4,43.89837175559166,0
23,68227.3251330763,25.265419063676404,2,0.7396216846529949,7,36.88040278777919,0
49,61131.268827856984,36.28306925471167,3,0.49924290752477474,2,27.334189491307015,0
47,64097.72155294532,18.339911109247748,4,0.2722856607081342,3,19.206883694761473,0
52,62690.20317006903,29.285543429012193,3,0.16939649963157855,3,32.28746124511797,0
57,45149.65681570687,39.81314127998781,5,0.6208188035058918,6,46.36435076920389,0
33,50714.05327721527,42.3571173929884,6,0.7189907568532331,3,67.23705572702801,0
30,27912.374329384867,34.26495818919689,9,0.5695212786820326,5,27.159282353142416,0
59,48654.56559788711,26.60954696790261,4,0.7383512771211947,4,54.415891387043104,0
47,67751.2137430878,14.073989156563915,5,0.14152120244996014,3,53.29462379925522,0
36,40089.39127614297,22.424502887607183,3,0.8824701949431355,8,75.07944440109912,0
34,65347.118070308396,25.307265952452198,2,0.5823955084085031,3,58.56547196595721,0
36,51373.78608040645,23.02266216698386,1,0.12684392689259716,6,59.42899239545569,0
45,29219.422014954016,30.595529683136153,3,0.461925204205735,7,60.4895059957685,0
43,33390.207299805326,26.58112263828715,2,0.8447917378659114,7,36.13651977021209,0
54,63789.54304561632,31.72121372335443,3,0.8975621934531601,2,41.40766214629339,0
43,58287.861278875775,42.026273010476636,3,0.2646495049987615,3,66.75302243406108,0
40,51526.46109481438,25.935377787706386,4,0.7112658247104531,4,19.23800216008778,0
26,45889.52278628082,16.17133022745775,1,0.09998524748377668,7,39.76533391689304,0
29,53158.51966442878,22.982924018751252,4,0.03354587141215781,2,30.037861072070008,0
18,63204.443738798735,35.835884699732716,2,0.5603989538199428,3,53.513660630589065,0
18,72137.79920730928,36.77943784952673,3,0.6948275793281259,7,43.67587122033321,0
51,72855.26299160907,34.06085197016234,2,0.795786731176502,7,59.389557124830766,0
49,55579.39851137747,43.00737305888016,2,0.34021623845533466,3,48.36507258932928,0
42,47421.02464453219,28.136369301230147,4,0.006525410428886991,1,26.80861519544491,0
57,52193.720117282835,50.52166148009324,4,0.4795192371113538,3,27.501985411062247,0
18,57831.8053588262,38.181871361059066,7,0.01585354537356698,5,49.90927222041372,0
33,57771.00415767637,4.765125297921227,0,0.09198451067079993,7,38.43297549149558,0
56,69619.79955710158,48.006586299635664,2,0.32668902253174836,4,42.010492208339784,0
22,81736.33582874983,22.33013389864278,1,0.4371720495601772,1,64.07623132683672,0
39,46921.180555788706,19.658988105430694,5,0.27946944122964856,6,61.38549015300828,0
46,82338.27363236694,35.23771109832894,2,0.5818652665047078,2,76.96600760866036,0
20,67583.5887013759,12.618195276634562,0,0.05534978921809519,3,45.25496682889903,0
29,48487.65514722188,23.045307686783865,1,0.1445797102395847,4,40.382800483207006,0
43,72478.4725829762,45.57098540624207,4,0.6952584007554335,6,56.27283446643364,0
33,75284.72452128747,35.56217578997503,6,0.14214085359791773,6,41.588082961400374,0
54,43095.5683370923,38.1223978093922,1,0.6397752015704224,7,42.07908330461394,0
39,75983.22878728472,23.43089399502526,2,0.054684620753365554,5,46.96847609102246,0
46,66126.24231553945,14.616300010318968,4,0.4073822791191404,7,74.79123433725319,0
31,85528.38691968788,37.06817429313734,5,0.17740947012118236,2,60.5594870769294,0
45,43639.421270007515,39.302561562419505,2,0.10963628253518642,1,62.13230603416775,0
22,44698.59884396006,38.8499338608111,3,0.5670327835012275,8,74.11781505212369,0
47,19600.0680538499,32.090692301178656,4,0.9283357720056218,1,63.53799440112987,0
22,58567.90880851943,20.329317565279293,4,0.054787047923548826,2,33.02891584797444,0
29,55628.768834280774,54.3776958805973,2,0.4215542482180342,6,63.31073546211701,0
33,41555.094926965,34.797874429841755,6,0.7075354377454437,1,65.21382285672885,0
43,48772.23902767913,28.26113358410832,3,0.462687831687827,3,59.77797279039643,0
43,30331.68484737327,28.305507625166324,1,0.8064959461052452,7,47.068371893106736,0
38,67976.67429247529,31.495974780735537,4,0.17964531586413168,8,58.19497559002627,0
56,42654.50788207535,40.696082621579805,1,0.9595942050277405,4,49.6964041805353,0
53,96410.73523431427,31.896281233054527,4,0.3851626277725405,3,35.328674356273254,0
50,47365.980489334506,38.58513153447497,2,0.3415696329442751,1,39.055495319972636,0
47,38605.717384275355,31.513976878932073,2,0.8746057945031659,9,60.55584228348923,0
54,43815.303218977075,28.876461085296192,2,0.5638670318917666,6,36.412697308657364,0
40,28820.58535183623,36.41250393328389,3,0.5164443419028215,6,37.82669684785604,0
27,57234.07836054413,36.03286033673796,6,0.7269779195284309,9,61.30076689977039,0
22,43701.50450331317,28.30365880904845,2,0.5798342382810904,1,52.00683594297658,0
53,66968.79185596606,22.507930422857406,4,0.16251564475711533,6,58.65789975781592,0
51,45878.787572383735,33.41728914740435,1,0.6741976228649297,5,31.564730951702213,0
48,70766.6316752847,30.78348668962594,0,0.13346887928212847,6,58.241442611536456,1
27,61361.83623975561,24.451282872292424,1,0.805857705334062,8,40.099577766338854,0
36,50428.95165077516,21.575995174632034,3,0.989736597712271,5,34.74674021678233,0
49,73703.48881026232,34.104758438944565,3,0.3773876249747763,2,42.41982661699554,0
18,64284.40191555814,35.50095057027694,3,0.44475589820201256,2,70.43097435391216,0
22,94193.19239994838,26.399678853451395,4,0.04643365548281231,5,44.53318797576588,0
21,43858.17132532693,24.200629640870744,4,0.013733188082578285,3,83.02086068431902,0
33,51149.24158187691,21.697448109628095,3,0.9214193348763277,3,19.067328428777795,0
41,73530.63516516394,33.822549391449186,4,0.12862406043919206,8,26.805831215278815,0
33,26846.932822473314,21.960229263592634,3,0.44577874755947033,7,69.86277855718336,0
19,69754.15344848843,52.411345690207305,5,0.8153546238555615,1,73.634068387336,0
45,56589.54136522206,25.89718564029003,4,0.8893187599283195,5,37.0481414421741,0
49,36676.83866829128,5.747857221273989,1,0.5193976852834676,9,51.03340425084282,0
44,29554.405121733176,29.698283333708652,1,0.5650325249759498,4,60.68284877754915,0
37,39912.65790304574,29.269665201811975,1,0.6696839724632725,1,46.55936468952868,0
41,15727.706415116423,41.117185675241885,2,0.9613824701437153,8,52.24800637081667,0
29,42656.908344627445,32.881262367277046,2,0.6026699609445051,5,50.16399519864785,0
52,59338.345000138725,21.661648165601978,4,0.5594752594563462,2,27.778295305208133,0
50,42855.49038546758,27.136081265032235,2,0.014534135265990678,1,44.830080710569725,0
50,70824.69052150712,33.274197716509875,3,0.08094970202235607,3,50.18547642704799,0
54,74899.21404087932,8.352857496895894,4,0.5771716266239962,9,51.54682751162084,0
29,69134.66723938662,43.386217343904505,4,0.9362403878072032,1,24.04240837071364,0
20,53459.613653965476,21.688301141953353,4,0.866691348399395,4,61.30540849331016,0
18,15129.81091270296,44.170438209476174,5,0.9825789229922046,8,51.94240479344142,0
50,39444.53761951091,33.924651411265884,3,0.527834037561274,8,34.169206679873994,0
57,47869.422098384195,36.29594136393975,6,0.7879309384377668,8,76.9859635103548,0
27,36591.985257427834,41.494234360012726,2,0.8404003314893405,8,44.80123127571771,0
46,47907.417867701435,35.73132052692498,4,0.6480316573308618,4,45.77528926617604,0
30,74151.01203040069,36.72886216317451,3,0.33874990421450724,8,59.6256386778699,0
29,25313.35205727023,28.355835595386186,2,0.46997843465779443,9,78.26001706354786,0
48,77175.3808417854,33.721686814720954,5,0.8579170722435677,7,60.21559394066783,0
19,63270.89632631206,24.12502185028257,2,0.29854792598216395,2,62.39164755040805,0
52,54023.25212416543,26.565889004120326,1,0.9237431312666485,9,34.97567201764403,0
40,39295.75166388854,49.64695047968908,2,0.2298063414226651,8,51.30439553055754,0
34,36890.74481762862,21.918064149495784,2,0.7495164151567807,5,42.01607410742636,0
43,25606.734281168905,31.54317126636281,6,0.6305592343457384,3,60.56194772073914,0
25,75751.48220471581,31.13469036715476,2,0.7495994411207623,7,61.95448693264888,0
46,73064.17340111062,26.89245528219201,3,0.4373475724325948,2,74.49844274779912,0
43,28905.730571250766,35.14400936570438,3,0.9326410625539846,3,17.624871246663034,0
27,41710.58007640698,35.89722092741383,4,0.6324722024114774,9,40.5413275652552,0
43,56497.17153847863,20.74180816852421,2,0.2882958045542563,4,69.50373416378062,0
51,45507.36292741688,31.013567115465513,2,0.6384550706521437,4,28.977052296012225,0
58,21219.878644522734,19.17632661227643,3,0.2868157472070312,3,62.08476549340507,0
24,40133.40859166467,37.88548618317301,4,0.2936323917598742,5,67.01000751222125,0
21,79265.51447030029,31.764873103626254,5,0.3995985116208679,3,49.574902319503096,0
28,41150.32114378334,30.823298867170873,6,0.852430417569119,9,28.678029692652117,0
46,47547.98994946689,36.59031348872403,0,0.500297874393992,3,48.17720482699643,0
53,32822.33863946929,27.24489709531599,3,0.6789008422302074,2,71.88022006188085,0
42,58816.44477925622,39.14021959218205,2,0.391967740274463,5,73.08526062883124,0
38,51727.27698536876,20.515551272438643,5,0.26360543980688145,6,53.11820565166536,0
53,38869.70387664532,44.118765188945275,4,0.9546401607162314,1,35.341434669278584,0
27,30430.169062888624,24.490888174451463,1,0.6035812471230626,6,76.07595791074117,0
54,71068.15061016314,13.038209323044121,1,0.9339513385827183,3,62.31384318664564,0
26,25916.848900383797,26.71465091537268,2,0.20341300219831504,4,36.32735046984692,0
41,57557.23543384332,25.58031802745791,2,0.14689416391293275,6,55.13778456710762,0
52,17691.811329326403,26.639260138499637,2,0.8558229071239036,8,54.45122721467237,0
52,60608.17524518574,32.31648015483983,3,0.6809172126172515,9,40.44807347675665,0
53,64554.48330890091,40.97842360888272,0,0.18657849925364134,6,55.22160222072066,0
35,66421.75567459871,28.082940861028632,0,0.26935970066353776,7,66.59280257185821,0
56,47581.87297145198,23.083824301810992,3,0.8006639415253112,5,45.55626201853641,0
49,73760.05408345544,18.734531877162027,2,0.4538686199959361,9,68.12403637382081,0
41,84616.87542494101,25.318172086909556,5,0.6705405065060909,4,23.669681460197538,0
40,45175.65295931055,11.121751607496474,4,0.3183520221360109,6,83.274004896813,0
49,43234.92454805109,22.74866906483639,1,0.3812299527748767,5,50.860269049695226,0
54,52237.65890517404,42.440538958621865,4,0.990712558623105,1,66.09531492205434,0
29,42834.79781158689,21.766407954215772,6,0.24761708717471853,5,53.27917229802058,0
30,40641.94705984819,36.287158608003054,2,0.506456377036514,5,37.64716074714534,0
40,41948.92189637736,17.7351791019151,1,0.8444023431905322,9,49.45435064510743,0
42,75736.34012009368,47.71095899310554,4,0.23922321366585797,1,21.357934731481148,0
52,61578.22992553148,48.3760673306471,6,0.4152137566843307,5,60.32580396069214,0
58,42785.80809112863,35.91021556559876,2,0.6150912873699883,7,52.90646867967231,0
47,13173.12461416571,49.912526016435216,5,0.4811881514751025,6,47.12664262297633,0
34,26833.032595902987,33.557929749276624,2,0.45950226657031745,6,61.29049356613456,0
37,57551.43623902817,37.68517114149556,1,0.3625097313221236,7,50.562848923897896,0
42,18176.66087916774,42.61933876731535,1,0.5866463277749251,6,59.10244808423862,0
39,54394.90291177934,31.79718453098449,1,0.6243726979236103,5,64.43474868320216,0
30,34016.544127024616,14.476225384149386,1,0.6532895409013626,5,41.76157790756902,0
36,51377.0866187101,37.88963355234398,2,0.07036810790602932,9,37.46884576412263,0
53,50957.84452001214,25.281404055665362,2,0.6310341757120489,8,24.161598878712955,0
29,51808.84900836066,26.0247017904454,1,0.9532371787812328,4,51.838411982417874,0
58,44083.672293822194,32.9789491647869,1,0.5409862355280837,4,56.78145932676031,0
36,43590.715615884015,35.6628087971737,3,0.7152670825092443,5,30.145769022664407,0
29,39188.14371595342,31.50134634006218,3,0.5567323077592178,3,71.30569772042526,0
26,57258.38475862835,36.35729536157309,1,0.8547406185919787,8,37.66496792970914,0
24,62077.89012171423,22.931428659398037,3,0.9295830945975689,7,18.447498624117486,0
45,31715.412161958106,29.572962052767167,4,0.1842198992963593,5,72.4223434983849,0
31,49225.57291561596,38.490854504508704,3,0.4368600365571266,3,20.404775000227403,0
48,52948.73110231607,47.727911764367164,3,0.3923821009327213,5,64.46268160075138,0
36,52756.56701934563,51.26435588973209,5,0.40521512329927867,3,60.81679281313779,0
33,52501.544293947765,34.32976682727731,2,0.1255241812278759,5,54.793311518298154,0
22,43969.47784482164,38.40009826745607,1,0.8136157259807193,1,42.15837577675155,0
52,54185.456381938086,49.815791648151915,1,0.03576624301493525,6,57.54195941788366,0
29,59270.4306647543,23.291639632665053,3,0.5282266077271569,4,65.72727310556826,0
42,52115.54983733846,36.29699852712584,2,0.6618783880446912,4,35.212842552867905,0
38,57589.09754800586,37.683429494861464,6,0.2074694380588772,8,64.64560509469226,0
53,64855.3011655626,44.478614360767445,0,0.9058501920987956,2,63.963117679058655,0
40,22235.89463157098,18.628586194637776,3,0.8385492070247931,4,54.39576636382333,0
33,64151.95762798051,20.605942161994832,4,0.4710837294839253,2,41.93037682878331,0
56,55136.41647831912,30.213822111047058,5,0.4111489323401387,1,64.03186047273164,0
59,33325.6200839191,33.77727662321635,1,0.23656792521110004,3,57.62469434243785,0
56,62037.06323479533,41.228639537338076,2,0.7299932246449636,8,34.76060505208149,0
31,44025.18640964058,35.17543775812271,2,0.13174379963196414,6,44.48966286847628,0
48,46070.503455221704,28.485867698897163,2,0.680237753843783,7,62.2858240763105,0
22,42384.80326301507,34.164614447561405,4,0.8424569861184136,2,51.71870925651267,0
52,54535.98266357337,33.01044476274451,3,0.22847157591702372,6,66.28974341667988,0
40,38219.7028623192,47.45016429987788,2,0.8664274028987562,8,44.875299565274055,0
46,63522.119449216785,31.656589435685323,1,0.033323199439508455,8,35.0015706162785,0
28,47917.06119207993,26.169165864474362,2,0.9127873853865254,4,82.90403923415107,0
35,44536.96274768094,34.49609030071829,4,0.11836222785129802,6,24.78657375880264,0
29,61293.135164209554,31.98485319338532,3,0.6457591779380326,5,42.50240603897504,0
26,45206.64856521379,14.29006644325328,4,0.2500824689139418,9,54.196220010499765,0
27,64222.65238043452,29.843479383778313,2,0.8365523911696138,8,64.79125837216567,0
34,64693.89426261299,28.992617545939947,3,0.5123003609154665,2,59.696740528133915,0
55,29977.942426715344,24.56128134220684,0,0.13524119124650136,7,84.66888507414319,0
24,66638.90303334386,40.35583287622973,3,0.5709915713259784,7,48.236023210128025,0
30,28069.460427471717,22.14320403388004,3,0.40788261019698313,1,36.9052510797421,0
57,67573.70790323766,34.55618619524539,3,0.6614478166131011,1,46.70455963675326,0
59,80425.35788345359,28.521430001562695,1,0.8819032847634595,4,45.200352059734634,0
26,63122.51657403697,31.076950056467826,3,0.40938913118341846,5,48.97557279064791,0
44,17645.290329504904,34.11786291045867,1,0.28988067953385965,4,35.2626781565108,0
19,65953.48579079028,16.924256161089986,4,0.014515094527608796,7,61.76084057375535,0
22,83691.93448904017,31.91660891734783,0,0.5748390378598749,3,55.56245314004314,0
46,45454.52538502956,52.88947489713207,4,0.40227476743143353,7,31.041787563888334,0
54,49479.45019955165,14.432366541212758,3,0.3746492190148287,8,64.52037613805877,0
55,32172.69917110352,29.423920362844953,2,0.18293532128421253,6,37.82777694523243,0
36,54681.19128229504,41.232393248238196,2,0.4300553451912743,6,32.25776746543566,0
25,69037.65773814694,33.016192479535974,4,0.9844419535833683,8,51.30993055882474,0
18,60466.05692224181,36.87966952116033,3,0.29775415367224434,8,23.632348259010346,0
39,97129.50465931698,6.243339889073841,3,0.5997044134081002,7,58.84254574815872,0
34,50495.40564448696,35.982493746299504,3,0.7764868813156668,6,7.417395038252096,0
24,25539.899488771036,22.383117937664014,7,0.7491578231765317,6,34.559559650170435,0
42,52564.56457352329,33.09877284583147,6,0.32877428749259074,6,73.62705981631868,1
21,13753.223521812652,29.70565269090509,2,0.6108600835168504,8,39.70011186240022,0
53,42003.441127032296,52.78333029161633,0,0.8712646852701572,1,42.32622192190553,0
23,74365.73087900318,35.46695323765876,3,0.015447427733077945,5,69.10497581195656,0
48,54877.00472947657,28.87376170737214,4,0.43573435684330764,3,38.10704592391522,0
36,52691.25219246903,14.903072407464455,1,0.22427341824190528,8,61.45157272084215,0
56,77311.70565073035,31.211469018498967,1,0.38863229039883895,6,67.61282247588983,0
44,45941.00162504945,38.23228878346823,6,0.41598960797524165,2,57.17795471224855,0
27,68927.30619401163,29.19448108180777,8,0.746670964786637,7,28.326540155536104,0
43,51939.60462749511,24.94343640062559,1,0.09382187239544315,7,40.94021211176185,0
36,55700.711951885394,24.274133361536812,2,0.5125839031325105,5,90.70429666293495,0
56,31740.427162054806,35.35141435455321,4,0.5641947917987453,8,42.6421452120264,0
20,42769.29807757675,37.59387939309157,4,0.4941576035518044,5,94.79494063364642,0
30,29037.226507341897,43.612101153211185,4,0.7318732530627201,1,75.63446078044839,0
45,48571.323826619824,20.05000106789642,2,0.3837912559068474,9,57.78604309058331,0
37,55856.035158744,35.25977558417617,5,0.9449670636400761,4,54.458514087462746,0
45,33349.42842362822,28.78296045582133,5,0.48180344253894136,2,43.02764967309348,0
25,80737.68384027235,29.077657953667195,2,0.5712139096147976,4,48.666311136448066,0
58,54171.59028637941,34.018258540340014,2,0.8255308233467494,9,39.6691376521359,0
56,50866.93378377829,34.076562536249476,6,0.27523610593112247,2,49.04560394270596,1
18,61544.86627018438,35.287681057915734,7,0.07520202876280246,4,29.567076629260207,0
20,37566.07878701117,19.425288078041902,2,0.7077839783624825,2,28.763434804162642,0
30,52452.1621875118,22.501885928335412,3,0.48301185554837867,5,69.51523493982064,0
45,39247.00669463613,44.858682755176844,2,0.8965042509589948,3,25.81535396030875,0
42,73380.19865133474,27.7942753251916,6,0.9826800487224341,2,63.292072302411974,0
50,34120.40975904378,33.060143980178964,1,0.3991093505747292,9,21.58426706111138,0
55,50947.4818896076,40.54666312043186,4,0.41543901625966084,5,59.44456404538384,0
23,54939.73677727664,34.63443072360819,1,0.40796260220572644,5,46.886234822854405,0
49,55922.386166115524,35.46522630972039,1,0.32455410973092613,1,69.81974304205106,0
38,41281.472403757514,38.94577679243757,3,0.7816870977663974,6,45.02008311679886,0
33,36567.35896782353,8.83336239103,4,0.7589957624907276,7,19.856899172427998,0
38,41498.072404308514,25.100498448394653,5,0.47864487055052485,1,47.17945571169997,0
28,57924.881513154236,34.68605796499592,2,0.04466121637889875,9,52.39490848321888,0
54,47842.313436320546,43.87644307057657,4,0.3095593015130734,8,48.02033536952316,0
53,61943.13212678782,30.66095559655773,3,0.2923030465548375,8,58.626617314846555,0
52,57155.0557909261,21.552835382439046,3,0.8110872462002584,7,41.53417851941415,0
36,15846.30952850588,21.819139503894977,1,0.08757557341617472,5,31.048952561815906,0
37,53712.46695255816,38.83861203453074,4,0.8056753790427041,3,35.00526673528664,0
35,83756.82151724405,27.822264176081134,1,0.669183652199143,9,42.26348983205694,0
58,69879.03576557497,29.927999542096632,4,0.7324414591304492,7,42.13477075627469,0
31,56330.19741060453,36.15030193772319,1,0.4322131875850235,8,86.09183537004907,0
32,34109.11804295084,0.9847631730642092,1,0.6797257960017582,6,68.82658124874625,0
48,57163.30574188469,50.00367511508081,2,0.6090289447069158,5,60.30063806522848,0
18,61096.24909817388,22.689261649489385,0,0.7689801952286295,8,56.69018766092807,0
20,46193.79978758624,32.419363694735715,1,0.44676983446825214,3,54.49658353403205,0
33,54751.130882066565,12.953029865037287,2,0.4728256248963024,7,54.57500817814593,0
40,72644.9368759406,25.774588895949623,2,0.6435762227398202,2,52.449290796201986,0
28,37140.88370387411,42.44688046365097,0,0.1080774936663883,3,50.60178623654868,0
29,34125.5059256131,10.838328203341213,3,0.4362444483643173,2,18.62203858173699,0
27,60390.48988991319,41.26200087189141,3,0.9719508452598056,5,44.463090903912594,0
49,56863.13954297121,27.263039037676158,3,0.03755232006004561,7,46.39548792277628,0
33,65432.57443119217,34.871644402201916,1,0.3160047228663938,1,38.76540354094932,0
25,58546.90717855655,36.575244134851104,1,0.31410981908937075,9,41.65854595656796,0
55,41483.6740523871,34.41421499490926,6,0.6334641192357726,1,54.51123525771193,0
29,56482.88977198107,21.350493483691736,0,0.1058003594241399,1,61.513851154249394,0
41,32868.101850557396,26.354508534649764,2,0.6285440308788611,8,54.488546928776614,0
45,46245.21932400509,15.384438227491843,4,0.09504024065161942,6,61.13666357970435,0
25,57541.98846449606,34.9179633158808,5,0.09495364741833101,6,61.40162046222036,0
45,44592.286749141655,47.02055154015926,3,0.7281833571884823,9,45.5044160970822,0
53,87020.78273344741,11.755591133235374,2,0.32413517383279633,4,57.87961193753226,0
43,21617.236267644996,22.383540938619646,2,0.9774229477137478,8,23.8044128056448,0
25,41787.64464501784,28.182247241170668,4,0.03735293643555493,4,44.235121597118415,0
45,35933.30249195134,31.733414237135545,4,0.4451066637179941,2,42.472226158005505,0
45,39494.7678881307,38.79176301434426,1,0.11313593767402363,8,72.96990203471348,0
54,40355.02664778682,28.478000196423334,5,0.35137896675810865,7,55.056309391005215,0
58,30103.689697115104,26.840412735543495,1,0.9982224506090506,4,29.983188782706257,0
53,61290.53222858941,41.03130706069741,4,0.8888425117385318,9,58.918757071633365,0
44,41793.570539193475,36.619955670633054,2,0.048324408855396905,9,63.64675017651744,0
34,52453.60003382982,35.389779757010984,5,0.5632558438256834,8,48.65504117690549,0
26,43477.61357134632,31.125157115881144,2,0.6478223048244357,1,60.35383893684205,0
50,39636.79381570686,39.83152210919859,6,0.20953462395012568,7,12.56438924326303,0
37,75084.18854130275,23.436906087697334,2,0.14510557339645025,5,9.510164758515508,0
30,63843.98273314112,22.07305717813922,1,0.9043811346655234,7,32.31996145553717,0
45,21976.99400067283,37.46100986869324,3,0.9688164414833766,9,52.23559550937496,0
46,20387.938274961696,13.749640307530917,4,0.9918928573196418,2,72.9824565441282,0
30,65639.1325345473,30.92179509636487,3,0.7897617737346345,4,33.103584666758664,0
52,42202.19912676869,26.83441647737488,5,0.6635020694052571,4,37.194838875680944,0
23,25263.76499098666,15.942452693470441,4,0.3457302521929979,2,51.32909586087123,0
35,65686.02698810512,20.687324202837353,3,0.17139831232475244,3,42.61521807531447,0
22,52536.860751486354,28.91023907704651,1,0.0789805993662317,8,41.762138460547646,0
42,53773.56627248479,40.339632564990225,3,0.693297468551492,9,43.677877438530615,0
19,62143.08908008861,23.47042008742189,1,0.7847234151793583,6,69.72182737278527,0
27,30350.342625764097,42.133813999049934,1,0.82645365245498,2,66.74201433107183,0
47,25527.48767923753,30.631792275565164,4,0.9137650033037986,2,50.35203983438924,0
22,73714.31442354803,43.10384702169971,3,0.8799295636383736,7,74.81720410879466,0
50,28442.498588865612,23.955083912199516,3,0.9997412722580926,8,57.63542531101963,0
18,31666.43304386654,29.511904118946315,2,0.24406401096725128,8,67.30841201807736,0
35,34663.46930681351,33.684836033369955,6,0.7633076152122106,6,37.09180141177057,0
49,81199.18885535783,28.204895372584883,3,0.5864595123747977,8,40.19484419377913,0
28,57400.74950617284,39.53024147145236,1,0.2612451324535824,1,40.03426562756047,0
38,64481.119616530705,7.924362747097341,4,0.9819053222869428,9,48.6991662628775,0
43,52942.51318368093,54.2240553878994,0,0.8978981047742521,1,50.89869855636892,0
42,40971.691831981494,38.57774606995162,5,0.12851566844411644,3,54.86265962895494,0
39,59469.36924890252,28.264681709649835,5,0.026158342323419848,9,79.59657302122858,0
44,26650.76043804795,24.476783264226555,1,0.6883307623326769,5,60.81917193873572,0
30,33570.74821855257,21.335793885514455,1,0.6041306288565351,9,42.27812450750515,0
50,60994.62768892222,36.45615474169737,2,0.9358156241111459,9,49.95088431416265,0
51,29641.1715375983,39.94981668792354,4,0.23400528716036983,6,72.57413283672807,1
58,47163.7779625719,28.374738718701003,3,0.08438794789498705,1,61.72819763906183,0
52,47847.314834668825,41.06990412978503,4,0.25921533377198647,7,72.3767324513609,0
18,42070.06994994257,20.927399532388776,4,0.01892764051146345,6,42.75975104528976,0
38,20733.222877267144,19.161891500131638,3,0.035892751188932426,9,39.32507692135542,0
23,40566.06663216961,48.13341205245549,1,0.9148578059207596,7,39.54432947960866,0
45,37625.47434601272,35.91108613538543,3,0.3520165825018783,4,43.97020263295797,0
34,52421.59794931548,43.96848201813328,2,0.41080900100968065,7,34.0507548534426,0
22,51657.35808049203,21.460602916123072,3,0.01837165453810441,2,54.4278959256263,0
48,55669.42189905311,20.764746082312698,4,0.2705217801718466,6,54.68580865117467,0
22,39860.205905384035,26.413906805424578,4,0.804725983741431,6,70.08166955631593,0
55,57841.669256988374,21.759411584609882,4,0.6154909596667192,2,23.596062491299865,0
20,26659.899008394754,37.05365210228451,0,0.7537806010864153,4,35.8380866530637,0
40,22671.429010214688,22.488739430735546,0,0.44721374079378506,8,62.0837071179609,0
54,14966.409137500581,18.283301419327096,7,0.30972922175133,8,52.75209678067351,0
54,42510.54140642004,31.420154122552322,3,0.4828100933283703,8,50.67203684581909,0
27,38700.52663492164,17.100138241747867,4,0.32307106840575117,8,68.95780759865181,0
27,61839.734177819,12.005360685246107,4,0.838971096674068,1,34.8506869598576,0
36,40270.06119426695,31.332572338612778,3,0.2976737155928457,2,39.06905911018966,0
34,54100.645219164006,12.507799569897898,5,0.6597636404530838,4,37.302322333345835,0
38,62199.448648746155,37.75279396295423,1,0.13698222230952783,9,19.806379341599655,0
31,39705.213865263264,16.04666273747204,4,0.6868664937349099,3,51.99226300124398,0
26,54470.78315160763,7.593262135802522,1,0.9132997116000338,6,42.1572111944557,0
18,65028.91323432792,27.062033498592058,4,0.6085831546399083,7,39.00648787262334,0
30,31427.55837791649,31.445945032964843,4,0.5598553800344772,8,36.29862310524046,0
21,50372.785073669664,34.914750636819406,1,0.9611182680216402,7,49.733799613724095,0
18,39769.48425201028,31.720156990158536,2,0.6273965553158464,3,38.02190728161858,0
57,32382.651762602924,19.406873788822576,3,0.2595504332730826,6,53.32351291412358,0
49,26953.223892646565,37.13061180926604,2,0.2923910238477404,5,56.88770251002295,0
51,32140.27141731949,39.60138506479746,4,0.7053066425359272,4,45.581335392500065,0
45,50900.43508628019,17.94237871544461,2,0.7354365938921863,1,44.56298540360862,0
48,25837.3331665738,28.18993861340386,8,0.3034962317890152,7,52.782365004777354,0
25,41739.094638670445,27.255599728909804,4,0.3453439779263302,8,49.567254197985974,0
56,62197.91610279346,32.20381582788034,4,0.991056508739087,2,69.95239033032092,0
43,56735.164451284036,27.950762082258912,1,0.10195254958027744,7,54.77398306340307,0
51,42042.38565592765,29.321222279270234,3,0.4046450284400993,6,66.43379000411464,0
20,75345.35620038086,36.418155302416906,3,0.062447531197507455,5,59.15766503538521,0
29,78395.54620867492,18.861469003988667,3,0.821078361998241,4,30.223727898104162,0
18,50391.836473095886,37.37373135260824,7,0.09234583894543225,2,41.62602686291527,0
22,12971.856261735375,41.411327315312505,3,0.6740073564627111,6,49.27853865436013,0
47,63296.722955243895,46.34134993488868,2,0.05648342400348205,5,63.02666465893898,0
47,15590.354899496218,8.56632675862641,1,0.6728550378096911,2,78.91719496157857,0
34,72142.19166080099,28.17098342884782,3,0.8430369469277033,7,42.73779303669185,0
40,66253.77351113448,10.34899425646411,3,0.39882152692405737,6,50.82884147430015,0
32,76613.1875620703,5.649363102271764,0,0.5221264934321769,9,61.9986692253258,0
54,53903.9833755159,31.440930476074783,3,0.4015417380052825,5,49.13258737541163,0
38,44579.21349227243,26.008482071496385,5,0.3004887586326389,9,74.6614516677869,0
31,43248.48299464664,32.99850951770746,4,0.8032634006271282,9,29.78319537181236,0
19,41806.09743453654,34.86127690087316,4,0.2720025737309897,1,60.17029873200489,0
28,64716.02980512054,42.47895958107921,5,0.722943424389447,5,60.02319881654206,0
56,60684.07234258817,30.5392042530578,2,0.20619707925520225,9,67.28058047470594,0
55,51803.384501513196,59.23355617319088,3,0.24985379607832958,7,50.93077023234492,0
51,39167.28038109542,33.064098549852126,3,0.33646116257721226,6,63.37281827608745,0
55,89438.18946950408,48.424790445672116,4,0.5891563773937882,6,46.26291130640658,0
51,63685.619209443044,6.6716219947575155,1,0.4544223191595411,7,37.97913094606116,0
35,26034.321203398868,43.49739529550625,2,0.7451448098278204,1,35.79195483260743,0
47,42256.1597609431,28.192395102044397,3,0.2135673003361923,4,28.37896718936865,0
32,63976.64146113058,10.516527405727285,2,0.010672287848834117,1,43.379618127277226,0
44,38006.91618150974,34.205451092281194,3,0.77655747178522,6,54.67232565585596,0
51,55273.219382388335,26.970444620156826,5,0.8216493338800724,4,46.87801855873617,0
55,64261.94450504222,35.80053248448142,1,0.05948016310838955,1,52.96949149960332,0
50,-826.4212398458985,40.110764575510785,1,0.6109075221583965,9,68.52318526079506,0
41,48379.43450316125,15.10849883238404,1,0.37820678387307793,4,42.237701775114566,0
32,48968.137303476826,40.14918982455158,1,0.7938956551945168,6,85.1044474706796,0
47,43818.91316474316,30.064794842207167,1,0.8744145541964785,7,61.328644984858585,0
59,54525.42702419061,43.528411746932726,1,0.8510037667972491,8,47.04611416137148,0
34,59862.79411243812,27.948517710021317,3,0.7772042473508521,9,46.70596858661639,0
22,52130.764164869135,25.29591107468579,2,0.26905222874216295,9,34.878050648347255,0
46,44392.589089258516,30.270540406889513,5,0.8118896435683167,8,49.614245526693466,0
21,59489.319496764045,31.01860706379853,5,0.5334784759062927,3,17.57605800142195,0
27,50735.801139115356,23.372151985082645,2,0.05275661483209082,2,68.83649262902838,0
34,46539.493802067824,25.036952690447162,2,0.45693884989824896,5,7.750837999740973,0
27,30315.809219916213,17.731244654862106,4,0.9421579170299933,1,50.62626460051773,0
34,26560.178221008824,25.653549102098054,0,0.8878593497355527,3,32.840164980149424,0
37,30031.553109288943,36.763100599975786,2,0.10226428099711604,1,39.48232022114536,0
41,54174.93591830322,28.62645826093856,3,0.7441266857143702,3,41.417721006161834,0
22,48813.818785904725,40.090652960473285,3,0.8057928659582347,4,78.88439191192916,0
51,27795.738526888053,28.14570532346926,3,0.2713881882367648,7,33.451239417944905,0
23,59688.767386907166,15.684820022766859,1,0.4716085707410923,5,63.71389317191184,0
19,70614.64269768643,35.97274887556583,3,0.7109879414636829,5,67.40602743901013,0
30,41022.595749254964,23.263768589665975,1,0.4390414888211479,1,14.923576996353539,0
28,23885.27213947439,27.666327112364655,2,0.11279691886657695,8,40.76970849857849,0
40,39363.10422647131,42.375720474841174,2,0.7058824446817216,4,72.2668863923855,0
33,62816.90940192041,18.391295402784863,1,0.9116386897353035,5,30.278398239208197,0
48,58227.94787802161,31.64743787464385,6,0.6524847284061576,2,67.97414054966954,0
28,36163.50970982782,29.59481649964208,2,0.7738007485690339,1,49.73200127898372,0
33,72817.58206647114,37.00925715437103,7,0.3583625356578285,9,49.08354005648477,0
25,70224.20098889599,38.551533654820226,8,0.18319824512663485,2,51.042374190794504,0
21,39004.90905085039,32.63839004248892,2,0.6427736616182925,6,55.138577472971846,0
57,38850.6499555255,26.396253534196003,2,0.3277712058412189,1,35.665427229586356,0
21,41107.580939307656,34.7337250402596,6,0.8600735189897928,1,46.093707002711916,0
42,42390.00836917181,43.35655897144562,3,0.12262804997800658,9,55.55897620970317,0
20,64258.070118926655,29.72710060360299,1,0.4334636997331237,4,52.65328759145012,0
49,56379.93590714891,27.327438855769735,3,0.39672760046838584,9,55.238383438167,0
20,63156.18154025881,33.8817025766799,0,0.9380538535539297,5,39.21969433776675,0
44,60103.4771478005,30.38727020369612,6,0.15313480060440388,7,59.48448814674951,0
46,75717.90602290598,16.622905760822007,2,0.009846825012010951,1,51.89713513232562,0
49,34109.216842862894,32.393308003974816,1,0.23808521280711759,6,26.28949922489116,0
36,55705.37795575874,16.53237591236236,3,0.8202768597686545,8,42.02942724549533,0
38,17392.681156479535,33.744806464084455,3,0.20932181604701705,1,36.56743219537092,0
22,30245.666388547124,22.028572755934327,5,0.2408780637054827,9,36.3743286054397,0
35,48877.19921097729,30.36874804186346,1,0.1298988045368108,3,42.85279804322853,0
45,56273.09919131804,33.90593906199236,2,0.7154362032765404,1,59.20207905037668,0
59,48472.76386955646,54.539033459435714,3,0.06917419050541718,1,40.598116256599134,0
39,41492.11371780983,37.427499617869245,6,0.3312083023285216,6,53.375868278869085,0
38,44158.731837604435,43.64798809742335,2,0.28249872662096454,6,50.91743851776373,0
23,70541.61464636156,48.717478186939246,3,0.5551597297901548,1,38.31421393539964,0
18,44239.51733179789,34.89255916999444,4,0.7304162650197356,3,44.827773039990575,0
22,76238.62433065292,32.85689800267199,5,0.5328764346967474,7,62.97273834948371,0
58,61910.256103117004,19.332788911737843,1,0.9310259929750676,3,52.24709460411628,0
29,56863.06019222346,28.833700675996056,4,0.9514426388873319,3,58.23241792101583,0
43,32096.046345185066,22.769122703641376,4,0.3614653284985154,3,69.0874481586167,0
51,64028.5724209944,25.989411498756137,1,0.7776803762748927,7,56.52405581267115,0
31,42593.44133377251,48.706633761924685,6,0.7388013832681897,4,21.189666996720163,0
43,32083.403629914505,31.146215091999895,5,0.8929645917048273,4,54.05896574173481,0
44,57692.65419619066,21.241004222838914,5,0.4479436402077033,3,40.728328524896384,0
26,29180.809091501906,43.74533454691304,6,0.5304731871977922,9,77.15453915006243,0
43,38566.37806805626,39.55275476237449,3,0.415774313581574,2,55.98904111421264,0
39,49848.26132796633,40.076534926003966,1,0.8503769192997056,4,41.038425537911806,0
47,83276.32136172091,9.938697968976054,1,0.22970231536213437,8,58.49767894161784,0
34,39696.26366311269,49.48670957721485,6,0.2397090782424447,6,51.361863544506605,0
43,43126.752210491366,24.414852579061126,2,0.37260510357707977,7,24.230640294202892,0
53,60985.17581632468,37.77954772792755,4,0.23034283210235118,7,62.94591171879071,0
18,31425.56467435931,55.23799790617032,3,0.5610068364149208,2,43.91690128899383,0
25,56642.09571531373,51.55332748190617,7,0.1344901064955023,4,71.30927439161012,0
52,68088.90211424882,20.22437874527313,2,0.32018621940405534,6,48.13353823784285,0
32,45393.57672933348,15.55482662997727,4,0.91344469847559,3,71.58940225753203,0
39,65392.31422095298,44.303465988479275,0,0.40922548019179594,9,56.373472248587234,0
31,54371.74884817709,31.420558115939997,1,0.7482337164935092,4,64.61185053943896,0
43,39039.77054294329,24.9911855869792,2,0.11346219170657401,2,42.62270764275755,0
45,47032.9297115524,36.21218546939048,7,0.24756450814178466,6,55.29509270819743,0
40,44303.639900296366,28.37120422540559,5,0.8073456212003686,1,24.106478239819,0
31,48685.42613275284,37.013241370487435,3,0.7629929362896941,6,48.094446456874365,0
41,52290.76848829743,30.669818078187326,7,0.38615591859382115,1,27.732026871034144,0
19,58822.99902457785,37.22387928328167,2,0.9543969020334743,8,32.855342887203506,0
43,57630.02374380703,21.054673108636116,3,0.9106430158345454,5,36.637936013830625,0
31,13524.296431067778,44.24462013132634,1,0.9623007491122398,6,59.90631403911967,0
24,48540.377168419596,36.97623370732438,3,0.4279146901877854,2,47.78959797865568,0
20,27358.67129889856,36.462973694035725,3,0.19747358368568302,2,50.47140514030769,0
40,45864.09121299011,18.82330072988006,4,0.626658639091341,9,47.38118413658363,0
35,48143.1561828362,46.99632416644247,3,0.6847731582791985,3,66.2108074833048,0
55,64642.22537127064,29.862839006337317,4,0.12544178445052,6,50.06062936734741,0
52,49548.267993498506,37.280488624298414,2,0.7864830342959059,5,53.73255618127068,0
32,53888.2702751489,26.771755362533913,4,0.018060219759960527,4,41.44620210757866,0
42,61895.84570986144,32.608890646820974,6,0.48272838747678337,2,67.2411394049937,0
54,68416.2838972895,32.97127352119404,3,0.3310162594948949,8,68.36583930204355,0
45,48154.79114964634,1.8006906799657898,4,0.7403030598990841,7,49.44666570396644,0
27,51412.691625206135,35.82448124654831,1,0.31276072742181593,2,41.235574554792784,0
56,50150.34953363381,49.65341461722085,6,0.8268071127810328,6,25.760354994244164,0
34,41861.01553353386,35.39780258991957,4,0.5949534887808106,8,36.97105354046438,0
56,38463.271648364156,20.422917511102618,2,0.793893361762072,7,17.493649077113638,0
39,15921.71125361097,36.49961566153887,0,0.9893406378396238,1,36.34036219868008,0
43,33850.08598213505,40.59480530173339,2,0.6791583457435568,5,55.35455146092901,0
42,23320.53750185295,35.12466516190387,4,0.9849503163616441,2,49.244000741014666,0
34,68827.97726679879,29.258728935699562,3,0.028836326921705346,6,84.84900476682091,0
30,52826.24012446142,27.578507741760692,4,0.33813998848380844,7,44.434149277994216,0
37,48110.915405797496,27.53690244633193,4,0.10785326456230915,7,43.26302388568336,0
42,39237.72220878377,36.97776901011213,6,0.26230493138443955,3,65.941543992932,0
21,50446.68894851936,15.928760049403719,3,0.8388878991257744,7,21.09595567631668,0
27,37280.30183516999,26.281268391445934,2,0.03232326532609031,5,27.773491661307688,0
20,52610.278349309054,45.95609823010948,5,0.5201829357323937,8,59.95762041883199,0
58,53686.0097438203,46.34195266577176,5,0.567128707532373,8,47.06863695545944,0
35,37079.244464648844,15.21852912198338,4,0.5611511466719561,7,47.412559484038155,0
53,36793.07052766391,18.68586388736391,2,0.4752970738232557,6,35.94273263248516,0
39,64432.990318926764,27.293794204720633,1,0.7906029647697553,2,53.596552603739646,0
51,49207.100685630496,38.92589517114352,5,0.13354308950555116,6,37.879651180303526,0
25,38284.69356102664,11.725256459470096,6,0.3105770155507873,9,51.09114993045849,0
57,44442.405474657215,29.45191365082522,1,0.6157260534451727,2,32.622746572201464,0
36,34841.08869940089,25.25820843420355,6,0.6909513662679558,1,47.26404518926165,0
59,48992.24629007125,43.25964674285234,3,0.4041484317770563,5,80.3730341074377,0
58,62474.42461496703,13.230915260307455,4,0.8753712633272331,6,43.62596315393714,0
54,49584.93998608608,30.925406154936223,3,0.41549339669591434,3,48.02362717712331,0
23,85454.50165513076,26.063905626514064,3,0.40277613434833315,8,46.96215503796376,0
43,56320.39352073502,44.69798926277288,4,0.036207261487384956,7,52.617971125167266,0
51,53449.316717633184,35.976526463532494,1,0.5511413361947338,2,57.022279695263805,0
23,36375.46803551292,24.141843407422652,5,0.7086808385119051,7,53.85856626014783,0
54,46421.99829736,38.53386443329082,2,0.1144381635168481,1,54.18973762658757,0
50,38314.79235449462,26.11171146691426,4,0.30543276608787084,9,47.28749923401722,0
39,17515.321573938145,39.993297112397535,5,0.7812569537828522,7,51.504345837605584,0
38,64613.933331932116,27.62923009114422,3,0.3659194354135754,6,46.79066856218675,0
23,42328.24166674653,40.54666578768763,3,0.24160246204003988,2,22.814619403593206,0
23,38593.99888500041,34.3608195512725,4,0.6722006635651122,3,89.45922514777808,0
21,53158.550509376975,62.60491080691423,2,0.19675877767165562,1,60.92259124320825,0
47,57687.49328332276,29.471039945839955,4,0.8956529195831768,5,35.31021192073173,0
28,45188.37750640582,33.828622916214485,0,0.10559839602614096,9,53.450906065751,0
47,49960.97498586473,25.205752582840688,0,0.7065498022828269,6,29.807889161296917,0
48,61192.81110971604,30.026853407547787,4,0.4995487012863752,5,42.58697676255942,0
41,44597.09608085079,2.9816486585055912,2,0.8699295623969936,3,27.77017188311306,0
26,54535.00612645001,34.65584016541032,2,0.1261950910262366,5,49.23222731539358,0
20,25111.330724162744,43.42874212949412,1,0.6778949184960879,8,26.279671608049146,0
48,31380.21502358377,33.96630004599354,2,0.5720546391813814,2,55.82634341469297,0
57,59083.096671206054,16.861385420226227,5,0.4800901422400464,5,60.23331621369245,0
54,30596.620412490523,21.982128472909988,2,0.4914072634326684,6,37.595291006245624,0
53,53512.063206699444,5.698078728437295,3,0.7219769617985308,8,52.41341306298593,0
41,47795.01826704391,39.78924006865424,0,0.9377416549348221,8,36.80053471966385,0
48,44532.99106219657,19.934867072904197,2,0.09125165911904809,5,57.67596446404862,0
23,37573.05846548408,29.71291409787772,3,0.01950264761052023,9,39.670729271563104,0
19,63640.10027158064,28.462624276727798,4,0.8057047924812035,4,61.83455187570381,0
37,75948.36731779753,44.87727035658267,6,0.10816938755075933,9,22.82612269497516,0
45,54502.88243900292,30.852813179657385,4,0.9866967960804238,7,34.92536127350169,0
28,54837.36073509226,38.0889292010601,3,0.6193482489588372,6,33.36775518070182,0
21,39765.04055213759,35.46463764147663,2,0.6508663952541407,4,53.050306376074964,0
32,32058.541522634303,43.594114199614,5,0.1988917029380174,2,58.326345491623805,0
23,49403.91642790738,27.608763054970414,3,0.24031231029667444,8,54.209560501740306,0
47,35393.75528062886,48.69615330504517,3,0.6593503030992501,6,42.36535207413945,0
55,23410.848075262675,10.143378436006849,2,0.909726837934197,3,8.073694010871208,0
19,62051.68718548374,38.57473498001236,3,0.9823905545175666,7,50.580534421363446,0
32,62782.50182377749,21.33380391335868,6,0.19803094663109366,7,61.82073626475604,0
28,37117.41840570359,25.072504472200475,1,0.13411962270979016,6,90.20763307449869,0
25,53659.464819188666,35.694142669010354,2,0.05640135776079047,2,43.63407168934008,0
43,65029.2840168765,35.61402049847743,2,0.8682970181613279,8,40.02026733598869,0
22,53075.40030592818,36.06428013690071,2,0.29471484685646876,1,54.80382171932231,0
23,32102.680308518997,16.13842055894762,7,0.0018120338692516613,1,46.1576233516783,0
43,46506.59880144352,44.4903023127924,1,0.22381808605642883,6,69.13060110894811,0
21,69902.14130062987,20.993528817723245,3,0.3404410800994184,5,37.87717012627793,0
36,53705.3996540767,22.327129097748006,8,0.9909861694966853,9,46.26728421513456,0
37,58086.98154774208,36.37896738166829,1,0.5235415938570817,7,63.14319611408519,0
50,55124.43829053672,27.132788252387595,2,0.2047139475951013,2,54.625464689478285,0
37,37167.3296303262,33.08260840562492,4,0.33481834471345107,7,67.41811507637043,0
29,40687.321710760356,8.43399303367212,1,0.33030768755687845,3,43.45150922855501,0
18,55082.97735577614,32.843244495192316,4,0.019725746463175486,1,68.94926753553057,0
43,62253.07670030612,32.17831879512215,4,0.13518305417143006,8,25.042394400845666,0
31,66498.57426376824,24.901414622357166,4,0.6951964597032112,3,25.642920327913966,0
55,37128.4168284771,9.259240402352106,2,0.12025098657073463,8,69.18559874688881,0
54,56496.80802015791,27.871917385183952,5,0.23073427660611878,7,50.11024363197125,0
28,67805.66167578465,29.62626140201387,3,0.3507372984043088,2,63.81223798819993,0
53,35193.77344567966,26.32771009669505,3,0.7577349445022937,1,51.49206437163726,0
30,72301.20703699661,11.638255355675021,3,0.5824009648679398,7,49.8943863720395,0
20,74584.11241016285,45.94734007316916,2,0.6889999849885683,1,30.07968711313663,0
50,89376.29509432492,23.61138472055627,3,0.5670123254201722,6,49.59740647524272,0
23,53464.00161244992,27.77795337077099,0,0.683592425221869,8,70.42410854475128,0
27,53546.37014393673,5.905256787817095,1,0.0028421536639724465,7,50.85005441107508,0
22,62404.91583675976,45.94855348698207,1,0.9308981443714295,4,60.231172936103405,0
40,61967.04009574125,25.33450068265944,3,0.11092023087480651,1,59.81560939090427,0
27,66895.50291493408,30.984628170742024,5,0.40624909597690484,1,34.80937975007553,0
19,61760.49770697656,41.20737444816651,1,0.7710383702448548,4,62.85695497629078,0
30,48409.07136442942,23.23695795283374,7,0.4352307180094239,5,45.29406915410229,0
57,68329.95681460253,39.63244987386544,3,0.9468425516675159,7,46.10521387557959,0
19,33931.18775460911,9.386745440588584,2,0.46758894849876675,4,81.4654278350799,0
37,50087.785050880644,35.50986657571313,6,0.8749394056026714,1,58.95955050247279,0
18,73456.03424074699,45.72242166519653,5,0.8108281133622709,7,40.42246963584188,0
54,31246.30252819521,24.195831527819703,4,0.9809863027986832,2,50.96807094514583,0
26,39837.86514504255,41.188816202983986,3,0.9265477807509754,2,50.54929889537335,0
34,60076.20936615937,48.33922652193783,1,0.8981238347128787,8,75.29139731508491,0
26,55908.67959854229,27.45158161945981,4,0.7316043405194683,5,50.59190870696157,0
28,36874.61888515633,26.624717141501392,1,0.3669981472682208,2,83.11997979996451,0
32,43757.089959047895,21.01706254167696,1,0.10612541856490243,5,30.54900953869941,0
41,32288.269060244915,24.902698448148666,5,0.68864505226439,8,49.514708694939586,0
55,64707.27499280858,21.846401097273798,2,0.9786540813379649,6,38.55716836705167,0
52,46161.779634942024,21.00888901572773,4,0.726604437331869,3,42.577570918705625,0
47,76882.33866140948,41.98835296711356,6,0.9287293692773355,8,42.903177430859664,0
48,51216.50366060032,22.1007397471174,3,0.8043047129555168,9,39.33039980001685,0
22,46703.89544895685,32.58521914719623,1,0.16311467511667876,5,75.95257707478433,0
31,45247.673580623035,30.382334352162378,3,0.2492037705912873,2,71.3384049326377,0
28,46337.00247211358,44.98094562571123,2,0.34186560176235037,2,56.03966767196184,0
26,51662.31642700705,24.968437679449863,4,0.16826044433800413,7,42.88472157665943,0
51,87686.11364867479,33.81148046654322,2,0.5816513326730067,1,39.75150435833468,0
29,44917.10494850961,37.91069702276109,5,0.9754505241349513,2,61.12713112216653,0
52,45404.698088430356,44.897496073205815,3,0.7614588334361586,4,54.502264268542625,0
52,50983.90768524768,24.822466549547332,4,0.4233867490674619,1,47.827610696006225,0
18,66354.1175951639,23.821075312676196,3,0.004504480980288661,4,58.11789510950646,0
57,28685.231583908313,19.382189460399474,3,0.3132760111381787,5,63.366058113657374,0
39,56826.39105364468,52.36299620848241,0,0.5267592876922153,9,47.689399549595414,0
46,37738.62235968257,43.84472438180388,3,0.3242508738519706,1,38.19011130967881,0
25,58299.090334264234,29.577986056879567,0,0.11103492302385953,5,30.18326499759482,0
28,42593.60086459316,49.314391511270564,3,0.44276495686189454,2,53.75947511512195,0
58,15438.464903640699,28.98136605634343,5,0.2532528169657162,9,82.50868959699491,0
54,55543.66404031228,37.24410471433529,2,0.9092323764615015,6,33.34005095073134,0
31,55417.17155520303,30.101719017227207,0,0.10175452850101574,2,66.49203621551086,0
47,41313.795372808556,33.97805451750471,5,0.04915262872471038,3,39.86665760979816,0
52,40424.84209785496,32.91761442533547,3,0.005314169154862047,8,42.8895269613037,0
38,30329.40912368521,25.750146266233504,2,0.32806968448565776,1,63.72385220176747,0
54,61596.49912308307,40.92498538085353,3,0.6603868382008886,3,46.171127650067056,0
22,63233.236737002124,37.159524176839014,2,0.7304137528817927,1,53.72389694735719,0
36,36814.23672236165,40.27694593501479,3,0.4532616833817231,8,53.436421343185465,0
31,41900.983106917236,33.20227185499346,4,0.6843286504552667,1,39.890785073548884,0
43,49050.663182915545,20.93430118222866,1,0.35991403621536344,5,63.426463338802975,0
21,84062.9792155332,47.093860665577026,3,0.6678062199866169,4,49.07626719150814,1
42,58176.826213833985,27.374437664325743,2,0.040595985302373405,7,29.172346266241377,0
59,35848.76727487431,33.640670285684145,2,0.39075298456700414,5,36.61273971301094,0
42,54556.70464235758,36.35381358822269,0,0.7908496776331791,8,3.2502072881016275,0
35,29349.626890428775,33.57421716217619,3,0.8030060304590013,1,50.77988048261967,0
57,60769.85464874256,39.154170212302745,3,0.7161487788756946,5,69.56099695023255,0
25,75133.21090316729,40.73377922316499,2,0.20423862056986442,4,34.29275258330064,0
56,75196.87527625938,27.75166496952752,1,0.24720511893063324,3,58.78307387507743,0
57,61023.402552115076,46.25467341955647,3,0.9960887272645123,5,56.458510760928625,0
31,41248.81466197806,27.33096445838735,4,0.10337800720195989,3,38.72183711618739,0
49,30486.47365228811,33.36749048880788,4,0.18066269890240938,8,73.04801234477254,0
55,28996.924349463363,26.123218163957684,5,0.1300262556501326,3,45.91009339662625,0
50,7906.743357521853,23.2652647734921,5,0.3276549636836156,1,80.15402569754829,0
40,60407.836445118824,40.44191088790865,2,0.21017583523392336,9,25.46481546499667,0
32,48457.46719663401,61.21896897426045,3,0.4976879595477721,9,45.962966726131356,0
50,63638.24249679691,26.382401116796828,3,0.4760207068801199,6,47.74621963975015,0
42,71420.47227852182,42.15321574678079,2,0.9015056194513031,1,49.39080468018978,0
34,51498.583158536145,26.740886872998058,2,0.03473994744478148,8,60.744964764324216,0
50,52189.42414569725,29.895150231439956,4,0.31987957666776334,2,100.9719097649435,1
19,43035.19483253801,47.57583772231672,1,0.5966578919970902,9,56.82599230302136,0
31,44808.73374241388,19.26464714924694,6,0.6048017618439638,8,50.363603639382156,0
57,60927.04868709401,16.618409313768773,1,0.4801262290142092,3,33.557007146487166,0
57,47384.374544520346,29.128013512368508,4,0.8156655408146337,5,21.648402910193695,0
56,45214.88499870764,36.636560279376745,2,0.0627221714144588,9,67.55391247052131,0
23,49725.24710835723,34.63666571680882,4,0.8154877655801359,1,41.79823766126435,0
23,63294.952940923846,33.60679175692996,3,0.4947542404357036,9,89.06237529868423,0
20,39610.07663254846,30.341319815115778,5,0.13376069507700217,4,63.02317427578333,0
24,49002.07223671951,37.86540026983919,5,0.8857019135404777,4,55.123392101719446,0
25,53679.16756667645,0.863275579550276,1,0.6492287795409635,4,55.91193343838165,0
59,67403.32855377859,22.491946949122593,4,0.16354568682413928,9,56.059651475831984,0
32,46410.54834800872,29.06387590716552,2,0.03364972339902661,6,39.58149581954345,0
46,39232.64920922417,37.045347991025096,3,0.14110964833264927,8,23.727459442694737,0
50,42734.585835914666,44.89765140068566,1,0.6087979601803936,4,41.7397231022624,0
47,65795.8614952307,21.1490029183286,4,0.17929623526004845,3,49.72465663709394,0
56,80499.57947905197,44.570786255365675,3,0.2257630748750281,1,40.28274048157866,0
44,30293.63279470951,25.474383307986372,4,0.02513972575631418,7,30.70874675060077,0
53,33570.475773952145,28.70090217019314,4,0.7229306722386036,4,38.77684527556288,0
46,47468.04819946782,35.81432518797614,4,0.8103643997594371,8,65.53598700459412,0
55,51664.34144102065,27.967639206932272,3,0.7968481767721232,3,61.22293676591221,0
50,61804.54348332493,41.10117606666318,1,0.12756815136428423,1,52.57114693855258,0
54,36633.004870977704,25.953958548868563,5,0.9033011273887593,5,58.806468894504434,0
44,34053.364450258036,26.10465008719666,5,0.67227882947408,2,33.02099798608501,0
50,52071.307297004445,40.519799542093324,4,0.8975286223768645,3,38.06862812367791,0
21,46123.98919689247,22.368756117323418,5,0.4471605045306636,6,54.66522611567287,0
39,63900.81496657287,32.4892909531666,3,0.43695486108369774,3,34.932367536007646,0
19,57310.39704785575,13.395173323061758,2,0.7845365186848953,3,51.62597372132315,1
27,58330.69021449828,48.196393520611906,5,0.09329785547674352,6,31.062131089208393,0
22,48432.779804347,42.06551936236775,6,0.5208740366348857,5,25.255806058495796,0
27,85333.70387852308,57.50107199580755,3,0.8363842356312257,9,61.04118134067316,0
50,37433.7802760936,43.383637314463854,0,0.8301925630695713,1,65.4056877826664,0
55,59162.14750632163,18.703497703995183,3,0.956132856342369,3,40.537685091388376,0
30,30954.65019390339,36.68649860160592,1,0.6982725935305465,3,27.193061262936705,0
48,33897.98483390822,20.819912377781954,0,0.20777062943972835,6,16.874417164806466,0
53,40889.81601851818,45.78037507053099,1,0.02028031489458082,8,77.63000224301645,0
41,74439.85004927039,18.988597120224277,4,0.47941579862710193,3,51.6708628025744,0
32,53958.416456810286,18.508451157602025,2,0.5137038656225555,3,40.88010054247629,0
46,41142.82897183437,13.901885463033132,8,0.24026258449893145,6,44.54132654258782,0
25,55616.5448893186,25.116201787369985,7,0.1246974471236032,8,21.30001624776605,0
22,50527.21822136763,23.105221752164287,3,0.586208166190509,6,59.29847710649348,0
